Market,Item ,Sub Item,Server Name,Server Model,estimatimation,Service Tag,Ship Date,Age,No. of CPU,CPU Speed,CPU Type,No. of Cores/CPU,CPU Model,Amount of RAM,Config of RAM,Raid Card,Raid Card RAM,Drive Config (Int RAID Ext RAID),External Storage,External Interface,San Server,SAN Config,OS,OS Architecture,OS SP Level,Server Role,Warranty Type,Expiration Date,Can Be Extended
EMEA,Server,Dellcitrix01,Dellstage01,1955,160,DC7902J,10/19/2005,,1,1600,Core4Xeon,4,Intel Xeon CPU E5310,4gb,2x2gb,Perc5iR,256mb,2x73gb C&P R1 15K,N/A,N/A,N/A,N/A,Win 2003 Std,x32,,File transfer Server,4hr Mission Critical,9/2/2013,no
EMEA,Server,Dellcitrix02,Dellmar18a,2650,180,GHKSV0J,10/8/2003,,2,3066,Xeon,1,Intel Xeon,6gb,6x1gb,Perc3Di,128mb,"2x36gb C&D R1 10K, 3x36gb E R5 10K",N/A,N/A,N/A,N/A,Win 2003 Ent,x32,1,SQL 2000 Server Ent,Gold,10/7/2008,No
EMEA,Server,Delldev01,Dellmar18b,2650,180,FHKSV0J,10/8/2003,,2,3066,Xeon,1,Intel Xeon,6gb,6x1gb,Perc3Di,128mb,"2x36gb C&D R1 10K, 3x36gb E R5 10K",N/A,N/A,N/A,N/A,Win 2003 Ent,x32,1,SQL 2000 Server Ent,Gold,12/7/2008,No
EMEA,Server,Delldev02,Dellmar45,2650,180,DBPRV0J,10/7/2003,,2,3066,Xeon,1,Intel Xeon,4gb,4x1gb,Perc4DC,128mb,N/A,N/A,N/A,N/A,N/A,N/A,N/A,N/A,N/A,Gold,10/6/2008,No
EMEA,Server,Delldev03,Dellmar47,2650,180,2PK1W0J,N/A,,2,3066,Xeon,1,Intel Xeon,3gb,3x1gb,Perc3Di & Perc3DC,128mb & 128mb,N/A,N/A,N/A,N/A,N/A,N/A,N/A,N/A,N/A,Gold,10/7/2008,N/A
EMEA,Server,Dellmar01,Dellmar48,2650,180,6J32W0J,N/A,,2,3066,Xeon,1,Intel Xeon,2gb,2x1gb,Perc4DC,128mb,N/A,N/A,N/A,N/A,N/A,N/A,N/A,N/A,N/A,Gold,10/7/2008,N/A
EMEA,Server,Dellmar06,Dellmar49,2650,180,6NL741J,5/14/2004,,2,3066,Xeon,1,Intel Xeon,4gb,4x1gb,Perc3Di,128mb,"2x36gb C&D R1 10K, 3x146gb E R5 10K",N/A,N/A,N/A,N/A,Win 2003 Std,x32,2,SQL 2000 Server Ent,4hr Mission Critical,5/13/2009,No
EMEA,Server,Dellmar13,Dellasia08,2650,180,JGNN41J,6/1/2004,,2,3066,Xeon,1,Intel Xeon,4gb,4x1gb,Perc3Di & Perc3DC,128mb & 128mb,"2x36gb C R1 10K, 2x36gb D R1 10K, 8x73gb E R5 10K, 3x36gb G R5 10K",PV220,SCSI,N/A,N/A,Win 2000 Std,x32,4,SQL Server,Gold,5/31/2009,No
EMEA,Server,Dellmar15,Dellasia09,2650,180,5VD8R0J,6/5/2003,,2,2800,Xeon,1,Intel Xeon,4gb,4x1gb,Perc3Di & Perc3QC,128mb & 128mb,"2x36gb C&D R1 10K, 8x73gb E R5 10K, 3x73gb G R5 10K",PV220,SCSI,N/A,N/A,Win 2000 Std,x32,4,SQL Server,Gold,6/5/2003,No
EMEA,Server,Dellmar16,Dellasia10,2650,180,7VD8R0J,6/5/2003,,2,2800,Xeon,1,Intel Xeon,4gb,4x1gb,Perc3Di & Perc3QC,128mb & 128mb,"2x36gb C&D R1 10K, 5x73gb E R5 10K, 9x36gb G R5 10K",PV220,SCSI,N/A,N/A,Win 2000 Std,x32,4,SQL Server,Gold,6/5/2003,No
EMEA,Server,Dellmar17,Dellmar17,2850,200,H710Q1J,6/24/2005,,1,3600,Xeon,1,PIV Intel Xeon,2gb,4x512mb,Perc4eDi,256mb,2x73gb C&D R1 15K,N/A,N/A,N/A,N/A,Win 2003 Std,x32,1,Firewall NG-AI R55,4hr Mission Critical,6/23/2010,No
EMEA,Server,Dellmar18a,Dellmar23,2850,200,6CNHS1J,8/26/2005,,2,3400,Xeon,1,PIV Intel Xeon,8gb,4x2gb,Perc4DC,128mb,"2x73gb C&D R1 10K, 4x73gb E R5 10K",N/A,N/A,N/A,N/A,Win 2003 Std,x32,2,FTP,4hr Mission Critical,8/25/2010,No
EMEA,Server,Dellmar18b,Dellmar52,2850,200,G86LN1J,5/26/2005,,2,3600,Xeon,1,PIV Intel Xeon,8gb,4x2gb,Perc4eDi & Perc3DC,256mb & 128mb,"2x73gb C R1 10K, 4x73gb D R5 10K, 14x73gb E R5 10K",PV220,RAID,N/A,N/A,Win 2000 Adv,x32,4,SQL 2000 Server Ent,4hr Mission Critical,5/25/2010,No
EMEA,Server,Dellmar23,Dellmar55,2850,200,2410Q1J,6/27/2005,,2,3000,Xeon,1,PIV Intel Xeon,6gb,6x1gb,Perc4eDi & Perc4DC,256mb & 128mb,"2x36gb C&D R1 10K, 3x73gb E R5 10K",N/A,N/A,N/A,N/A,Win 2000 Adv,x32,4,SQL 2000 Server Ent,4hr Mission Critical,6/26/2010,No
EMEA,Server,Dellmar25,Dellmar57,2850,200,G589W1J,10/18/2005,,2,3200,Xeon,1,PIV Intel Xeon,8gb,4x2gb,Perc4DC,128mb,"2x73gb C&D R1 15K, 4x73gb H R5 15K",N/A,N/A,N/A,N/A,Win 2003 Std,x32,2,"IT Assist, SEP",4hr Mission Critical,10/17/2010,No
EMEA,Server,Dellmar29,Dellasia11,2850,200,525BD1J,12/7/2004,,2,3000,Xeon,1,PIV Intel Xeon,4gb,4x1gb,Perc4eDi & Perc4DC,256mb & 128mb,"2x36gb C&D R1 10K, 9x300gb E R5 10K, 2x146gb G R1 10K",PV220,SCSI,N/A,N/A,Win 2003 Std,x32,2,SQL Server,4hr Mission Critical,12/6/2009,No
EMEA,Server,Dellmar45,Dellasia12,2850,200,C2PRZ1J,12/11/2005,,2,3000,Xeon,1,PIV Intel Xeon,4gb,4x1gb,Perc4eDi & Perc4DC,256mb & 128mb,"2x73gb C&D R1 10K, 3x300gb E R5 10K",PV220,SCSI,N/A,N/A,Win 2003 Std,x32,2,SQL Server,4hr Mission Critical,12/10/2012,No
EMEA,Server,Dellmar47,Dellasia13,2850,200,G7HL22J,1/31/2006,,2,3000,Xeon,1,PIV Intel Xeon,4gb,4x1gb,Perc4eDi & Perc4DC,256mb & 128mb,"2x73gb C&D R1 10K, 3x300gb E R5 10K",PV220,SCSI,N/A,N/A,Win 2003 Std,x32,2,SQL Server,4hr Mission Critical,1/30/2011,No
EMEA,Server,Dellmar48,Dellcitrix01,2950,300,63Z3M3J,4/4/2008,,2,3000,Core4Xeon,4,Intel Xeon CPU X5450,4gb,4x1gb,Perc6i,256mb,"2x146gb C R1 15K, 2x146gb E&P R1 15K",N/A,N/A,N/A,N/A,Win 2003 R2 Ent,x32,2,Citrix Server,4hr Mission Critical,4/13/2014,Yes
EMEA,Server,Dellmar49,Dellcitrix02,2950,300,53Z3M3J,4/4/2008,,2,3000,Core4Xeon,4,Intel Xeon CPU X5450,4gb,4x1gb,Perc6i,256mb,"2x146gb C R1 15K, 2x146gb E&P R1 15K",N/A,N/A,N/A,N/A,Win 2003 R2 Ent,x32,2,Citrix Server,4hr Mission Critical,4/13/2014,Yes
EMEA,Server,Dellmar52,Delldev01,2950,300,9DMRW2J,4/27/2007,,2,3000,Core2Xeon,2,Intel Xeon CPU 5160,8gb,8x1gb,Perc5i,256mb,"2x73gb C&P R1 15K, 2x73gb D R1 15K",N/A,N/A,N/A,N/A,Win 2003 R2 Ent,x32,2,SAS,4hr Mission Critical,4/25/2013,No
EMEA,Server,Dellmar55,Delldev02,2950,300,8DMRW2J,4/27/2007,,2,3000,Core2Xeon,2,Intel Xeon CPU 5160,8gb,8x1gb,Perc5i,256mb,"2x73gb C&P R1 15K, 2x73gb D R1 15K",N/A,N/A,N/A,N/A,Win 2003 R2 Ent,x32,2,SAS,4hr Mission Critical,4/25/2013,No
EMEA,Server,Dellmar56,Dellmar01,2950,300,JHL7P2J,1/3/2007,,2,1600,Core2Xeon,2,Intel Xeon CPU 5110,8gb,8x1gb,Perc5i,256mb,"2x36gb C R1 15K, 2x73gb D R1 10K",SAN,2xEmulex LPe1150-E,STARR5,See attached JPG's,Win 2008 Ent,x64,2,Virtual Server Host,4hr Mission Critical,1/3/2015,No
EMEA,Server,Dellmar56 ML6000,Dellmar06,2950,300,9HL7P2J,1/3/2007,,2,1600,Core2Xeon,2,Intel Xeon CPU 5110,8gb,8x1gb,Perc5i,256mb,"2x73gb C&G R1 15K, 2x73gb D R1 10K, 2x36gb P R1 15K",SAN,2xEmulex LPe1150-E,STARR3,See attached JPG's,Win 2000 Adv,x32,4,SQL 2000 Server Ent,4hr Mission Critical,1/3/2013,No
EMEA,Server,Dellmar57,Dellmar15,2950,300,3JL7P2J,1/3/2007,,2,1600,Core2Xeon,2,Intel Xeon CPU 5110,4gb,4x1gb,Perc5i,256mb,"2x73gb C&D R1 10K, 2x73gb E R1 10K",N/A,N/A,N/A,N/A,Win 2003 R2 Std,x32,2,Domain Controller,4hr Mission Critical,1/3/2015,No
EMEA,Server,Dellmar59,Dellmar16,2950,300,CHL7P2J,1/3/2007,,2,1600,Core2Xeon,2,Intel Xeon CPU 5110,4gb,4x1gb,Perc5i,256mb,"2x73gb C&D R1 10K, 2x73gb E R1 10K",N/A,N/A,N/A,N/A,Win 2003 R2 Std,x32,2,Domain Controller,4hr Mission Critical,1/3/2015,No
EMEA,Server,Dellmar61,Dellmar25,2950,300,1JL7P2J,1/3/2007,,2,1600,Core2Xeon,2,Intel Xeon CPU 5110,8gb,8x1gb,Perc5i,256mb,N/A,N/A,N/A,N/A,N/A,N/A,x32,N/A,N/A,Gold,1/2/2010,Yes
EMEA,Server,Dellsan11,Dellmar29,2950,300,FHL7P2J,1/3/2007,,2,1600,Core2Xeon,2,Intel Xeon CPU 5110,8gb,8x1gb,Perc5i,256mb,"2x73gb C&P R1 10K, 2x73gb EDR1 10K",SAN,2xEmulex LPe1150-E,STARR5,See attached JPG's,Win 2000 Adv,x32,4,SQL 2000 Server Ent,4hr Mission Critical,1/3/2015,No
EMEA,Server,Dellsan2001,Dellmar56,2950,300,9P20R3J,6/12/2008,,2,1600,Core4Xeon,4,Intel Xeon CPU E5310,8gb,8x1gb,Perc6i,256mb,"2x73gb C&D R1 15K, 2x73gb E R1 15K",ML6000,2xEmulex LPe1150-E,N/A,N/A,Win 2008 R2 Ent,x64,N/A,Arcserve Backup,4hr Mission Critical,6/13/2014,Yes
EMEA,Server,Dellsan2011,Dellsan11,2950,300,8HL7P2J,1/3/2007,,2,1600,Core2Xeon,2,Intel Xeon CPU 5110,8gb,8x1gb,Perc5i,256mb,"2x73gb C R1 15K, 4x36gb D R5 15K",SAN,2xEmulex LPe1150-E,ALL,N/A,Win 2003 R2 Std,x32,2,Navisphere,Gold,1/12/2015,No
EMEA,Server,Dellsan2013,Dellsan2001,2950,300,FLR573J,10/23/2007,,2,2330,Core4Xeon,4,Intel Xeon CPU E5345,8gb,4x2gb,Perc5i,256mb,"2x146gb C&P R1 15K, 2x146gb D R1 15K",SAN,2xEmulex LPe1150-E,STARR3,See attached JPG's,Win 2003 R2 Ent,x64,2,SQL 2005 Server,4hr Mission Critical,10/22/2013,No
EMEA,Server,Dellsan2014,Dellsan2011,2950,300,96TVV2J,4/13/2007,,2,3000,Core2Xeon,2,Intel Xeon CPU 5160,32gb,8x4gb,Perc5i,256mb,"2x73gb C&K R1 15K, 2x73gb P R1 15K, 2x300gb D R1 15K",SAN,2xEmulex LPe1150-E,STARR3 & STARR5,See attached JPG's,Win 2003 R2 Ent,x64,2,SQL 2005 Server,4hr Mission Critical,4/12/2014,No
EMEA,Server,Dellsan2015,Dellsan2013,2950,300,C6TVV2J,4/13/2007,,2,3000,Core2Xeon,2,Intel Xeon CPU 5160,32gb,8x4gb,Perc5i,256mb,"2x73gb C&H R1 15K, 2x73gb P R1 15K, 2x300gb D R1 15K",SAN,2xEmulex LPe1150-E,STARR3,See attached JPG's,Win 2003 R2 Ent,x64,2,SQL 2005 Server,4hr Mission Critical,4/12/2012,No
EMEA,Server,Dellsan2016,Dellsan2014,2950,300,66TVV2J,4/13/2007,,2,3000,Core2Xeon,2,Intel Xeon CPU 5160,32gb,8x4gb,Perc5i,256mb,"2x73gb C&H R1 15K, 2x73gb P R1 15K, 2x300gb D R1 15K",SAN,2xEmulex LPe1150-E,STARR3 & STARR5,See attached JPG's,Win 2003 R2 Ent,x64,2,SQL 2005 Server,4hr Mission Critical,4/12/2014,No
EMEA,Server,Dellsan2017,Dellsan2015,2950,300,BCMRW2J,4/27/2007,,2,3000,Core2Xeon,2,Intel Xeon CPU 5160,32gb,8x4gb,Perc5i,256mb,"2x73gb C&J R1 15K, 2x73gb P R1 15K, 2x300gb D R1 15K",SAN,2xEmulex LPe1150-E,STARR3,See attached JPG's,Win 2003 R2 Ent,x64,2,SQL 2005 Server,4hr Mission Critical,4/26/2012,No
EMEA,Server,Dellsan2021,Dellsan2016,2950,300,CCMRW2J,4/27/2007,,2,3000,Core2Xeon,2,Intel Xeon CPU 5160,32gb,8x4gb,Perc5i,256mb,"2x73gb C&J R1 15K, 2x73gb P R1 15K, 2x300gb D R1 15K",SAN,2xEmulex LPe1150-E,STARR3 & STARR5,See attached JPG's,Win 2003 R2 Ent,x64,2,SQL 2005 Server,4hr Mission Critical,4/26/2012,No
EMEA,Server,Dellsan2022,Dellsan2017,2950,300,29MRW2J,4/27/2007,,2,3000,Core2Xeon,2,Intel Xeon CPU 5160,32gb,8x4gb,Perc5i,256mb,"2x73gb C&K R1 15K, 2x73gb P R1 15K, 2x300gb D R1 15K",SAN,2xEmulex LPe1150-E,"STARR3, STARR4 & STARR5",See attached JPG's,Win 2003 R2 Ent,x64,2,SQL 2005 Server,4hr Mission Critical,4/26/2012,No
EMEA,Server,Dellsan2023,Dellsan2021,2950,300,G8MRW2J,4/27/2007,,2,3000,Core2Xeon,2,Intel Xeon CPU 5160,32gb,8x4gb,Perc5i,256mb,"2x73gb C&K R1 15K, 2x73gb P R1 15K, 2x300gb D R1 15K",SAN,2xEmulex LPe1150-E,STARR3 & STARR4,See attached JPG's,Win 2003 R2 Ent,x64,2,SQL 2005 Server,4hr Mission Critical,4/26/2014,No
EMEA,Server,Dellsan2024,Dellsan2022,2950,300,C8MRW2J,4/27/2007,,2,3000,Core2Xeon,2,Intel Xeon CPU 5160,32gb,8x4gb,Perc5i,256mb,"2x73gb C&K R1 15K, 2x73gb P R1 15K, 2x300gb D R1 15K",SAN,2xEmulex LPe1150-E,"STARR3, STARR4 & STARR5",See attached JPG's,Win 2003 R2 Ent,x64,2,SQL 2005 Server,4hr Mission Critical,4/26/2014,No
EMEA,Server,Dellsan2025,Dellsan2023,2950,300,J8MRW2J,4/27/2007,,2,3000,Core2Xeon,2,Intel Xeon CPU 5160,32gb,8x4gb,Perc5i,256mb,"2x73gb C&J R1 15K, 2x73gb P R1 15K, 2x300gb D R1 15K",SAN,2xEmulex LPe1150-E,"STARR3, STARR4 & STARR5",See attached JPG's,Win 2003 R2 Ent,x64,2,SQL 2005 Server,4hr Mission Critical,4/26/2014,No
EMEA,Server,Dellsan2026,Dellsan2024,2950,300,86TVV2J,4/13/2007,,2,3000,Core2Xeon,2,Intel Xeon CPU 5160,32gb,8x4gb,Perc5i,256mb,"2x73gb C&K R1 15K, 2x73gb P R1 15K, 2x300gb D R1 15K",SAN,2xEmulex LPe1150-E,STARR3 & STARR4,See attached JPG's,Win 2003 R2 Ent,x64,2,SQL 2005 Server,4hr Mission Critical,4/12/2014,No
EMEA,Server,Dellsan2027,Dellsan2025,2950,300,H8MRW2J,4/27/2007,,2,3000,Core2Xeon,2,Intel Xeon CPU 5160,32gb,8x4gb,Perc5i,256mb,"2x73gb C&K R1 15K, 2x73gb P R1 15K, 2x300gb D R1 15K",SAN,2xEmulex LPe1150-E,"STARR3, STARR4 & STARR5",See attached JPG's,Win 2003 R2 Ent,x64,2,SQL 2005 Server,4hr Mission Critical,4/26/2014,No
EMEA,Server,Dellsan2028,Dellsan2026,2950,300,B6TVV2J,4/13/2007,,2,3000,Core2Xeon,2,Intel Xeon CPU 5160,32gb,8x4gb,Perc5i,256mb,"2x73gb C&K R1 15K, 2x73gb P R1 15K, 2x300gb D R1 15K",SAN,2xEmulex LPe1150-E,STARR3 & STARR4,See attached JPG's,Win 2003 R2 Ent,x64,2,SQL 2005 Server,4hr Mission Critical,4/12/2014,No
EMEA,Server,Dellsan2031,Dellsan2027,2950,300,56TVV2J,4/13/2007,,2,3000,Core2Xeon,2,Intel Xeon CPU 5160,32gb,8x4gb,Perc5i,256mb,"2x73gb C&K R1 15K, 2x73gb P R1 15K, 2x300gb D R1 15K",SAN,2xEmulex LPe1150-E,"STARR3, STARR4 & STARR5",See attached JPG's,Win 2003 R2 Ent,x64,2,SQL 2005 Server,4hr Mission Critical,4/12/2014,No
EMEA,Server,Dellsan2032,Dellsan2043,2950,300,D566P3J,5/21/2008,,2,3166,Core4Xeon,4,Intel Xeon CPU X5460,16gb,8x2gb,Perc6i,256mb,"2x300gb C&P&D R1 15K, 4x300gb E R5 15K",N/A,2xEmulex LPe1150-E,N/A,N/A,Win 2003 R2 Ent,x32,2,SQL 2005 Server,4hr Mission Critical,5/20/2013,No
EMEA,Server,Dellsan2033,Dellsan2051,2950,300,BZ05Z2J,6/12/2007,,2,1867,Core4Xeon,4,Intel Xeon CPU E5320,8gb,4x2gb,Perc5i,256mb,2x73gb C&P R1 15K,SAN,2xEmulex LPe1150-E,STARR3 & STARR4,See attached JPG's,Win 2003 R2 Ent,x32,2,SAS,4hr Mission Critical,6/11/2013,No
EMEA,Server,Dellsan2041,Dellsan2054,2950,300,DQS4Z2J,6/12/2007,,2,2333,Core4Xeon,4,Intel Xeon CPU E5345,8gb,4x2gb,Perc5i,256mb,"2x36gb C R1 15K, 2x36gb P R1 15K",SAN,2xEmulex LPe1150-E,STARR3,See attached JPG's,Win 2003 R2 Ent,x32,2,SAS,4hr Mission Critical,6/11/2013,No
EMEA,Server,Dellsan2042,Dellsan2061,2950,300,GD5ST3J,7/24/2008,,2,3166,Core4Xeon,4,Intel Xeon CPU X5460,16gb,8x2gb,Perc6i,256mb,"2x146gb C&P R1 15K, 2x300gb D R1 15K",SAN,2xEmulex LPe1150-E,STARR5,See attached JPG's,Win 2003 R2 Ent,x64,2,SQL 2005 Server,4hr Mission Critical,7/23/2013,Yes
EMEA,Server,Dellsan2043,Dellsan2062,2950,300,FD5ST3J,7/24/2008,,2,3166,Core4Xeon,4,Intel Xeon CPU X5460,16gb,8x2gb,Perc6i,256mb,"2x146gb C&P R1 15K, 2x300gb D R1 15K",SAN,2xEmulex LPe1150-E,STARR5,See attached JPG's,Win 2003 R2 Ent,x64,2,SQL 2005 Server,4hr Mission Critical,7/23/2013,Yes
EMEA,Server,Dellsan2044,Dellsan2063,2950,300,DD5ST3J,7/24/2008,,2,3166,Core4Xeon,4,Intel Xeon CPU X5460,16gb,8x2gb,Perc6i,256mb,"2x146gb C&P R1 15K, 2x300gb D R1 15K",SAN,2xEmulex LPe1150-E,STARR5,See attached JPG's,Win 2003 R2 Ent,x64,2,SQL 2005 Server,4hr Mission Critical,7/23/2013,Yes
EMEA,Server,Dellsan2045,Dellsan2071,2950,300,BDQ904J,10/18/2008,,2,2000,Core4Xeon,4,Intel Xeon CPU E5405,8gb,8x1gb,Perc6i,256mb,"2x73gb C&P R1 15K, 2x73gb D R1 15K",SAN,2xEmulex LPe1150-E,N/A,N/A,Win 2003 R2 Ent,x64,2,SQL 2005 Server,4hr Mission Critical,10/16/2013,Yes
EMEA,Server,Dellsan2051,Dellsan2072,2950,300,4DQ904J,10/18/2008,,2,2000,Core4Xeon,4,Intel Xeon CPU E5405,16gb,8x2gb,Perc6i,256mb,"2x73gb C&D R1 15K, 2x73gb P R1 15K",SAN,2xEmulex LPe1150-E,STARR5,See attached JPG's,Win 2003 R2 Ent,x64,2,SQL 2005 Server,4hr Mission Critical,10/16/2013,Yes
EMEA,Server,Dellsan2052,Dellsan2091,2950,300,GLR573J,10/23/2007,,2,2333,Core4Xeon,4,Intel Xeon CPU E5345,8gb,4x2gb,Perc5i,256mb,"2x73gb C&I&P R1 15K, 2x73gb D&H R1 15K",SAN,2xEmulex LPe1150-E,STARR5,See attached JPG's,Win 2000 Adv,x32,4,Backup File Store,4hr Mission Critical,10/23/2013,No
EMEA,Server,Dellsan2053,Dellsan2092,2950,300,9JL7P2J,1/3/2007,,2,1600,Core2Xeon,2,Intel Xeon CPU 5110,8gb,8x1gb,Perc5i,256mb,"2x73gb C&P R1 15K, 2x73gb D R1 15K",SAN,2xEmulex LPe1150-E,STARR5,See attached JPG's,Win 2003 R2 Ent,x64,2,Backup File Store,4hr Mission Critical,1/3/2015,No
EMEA,Server,Dellsan2054,Dellsan33,2950,300,8P20R3J,6/12/2008,,2,1600,Core4Xeon,4,Intel Xeon CPU E5310,8gb,8x1gb,Perc6i,256mb,"2x73gb C&P R1 15K, 2x73gb E R1 15K, 2x36gb D R1 15K",N/A,2xEmulex LPe1150-E,N/A,N/A,Win 2003 R2 Ent,x32,2,SQL 2005 Server,4hr Mission Critical,6/12/2012,Yes
EMEA,Server,Dellsan2061,Dellstage2011,2950,300,6JL7P2J,1/3/2007,,2,1600,Core2Xeon,2,Intel Xeon CPU 5110,8gb,8x1gb,Perc5i & Perc3DC,256mb & 128mb,"2x73gb C&D R1 10K, 2x73gb G&P R1 10K, 12x73gb E R5 10K",PV220,RAID,N/A,N/A,Win 2003 Ent,x64,2,SQL 2008 Server,4hr Mission Critical,1/3/2013,No
EMEA,Server,Dellsan2062,Dellstage2014,2950,300,5JL7P2J,1/3/2007,,2,1600,Core2Xeon,2,Intel Xeon CPU 5110,8gb,8x1gb,Perc5i,256mb & 128mb,"2x73gb C&D R1 10K, 2x73gb G&P R1 10K",N/A,2xEmulex LPe1150-E,N/A,N/A,Win 2003 R2 Ent,x64,2,SQL 2005 Server,4hr Mission Critical,1/3/2013,No
EMEA,Server,Dellsan2063,Dellstage2024,2950,300,76TVV2J,4/13/2007,,2,3000,Core2Xeon,2,Intel Xeon CPU 5160,32gb,8x4gb,Perc5i,256mb,"2x73gb C&H R1 15K, 2x73gb P R1 15K, 2x300gb D R1 15K",SAN,2xEmulex LPe1150-E,STARR3 & STARR5,See attached JPG's,Win 2003 R2 Ent,x64,2,SQL 2005 Server,4hr Mission Critical,4/12/2012,No
EMEA,Server,Dellsan2071,Dellstage2027,2950,300,5TXJ03J,7/6/2007,,2,1600,Core4Xeon,4,Intel Xeon CPU E5310,8gb,8x1gb,Perc5i,256mb,"2x73gb C R1 15K, 4x73gb H R5 15K",N/A,2xEmulex LPe1150-E,N/A,N/A,Microsoft Hyper-V Server 2008 R2,x64,N/A,Virtual Server Host,4hr Mission Critical,7/5/2012,No
EMEA,Server,Dellsan2072,Dellstage2041,2950,300,1T12R3J,6/14/2008,,2,1600,Core4Xeon,4,Intel Xeon CPU E5310,8gb,8x1gb,Perc6i,256mb,"2x73gb C&P R1 15K, 2x73gb D R1 15K",SAN,2xEmulex LPe1150-E,STARR2,See attached JPG's,Win 2003 R2 Ent,x64,2,SQL 2005 Server,4hr Mission Critical,6/14/2013,Yes
EMEA,Server,Dellsan2091,Dellstage2060,2950,300,7JL7P2J,1/3/2007,,2,1600,Core2Xeon,2,Intel Xeon CPU 5110,8gb,8x1gb,Perc5i,256mb,"2x73gb C R1 15K, 4x73gb H R5 15K",N/A,2xEmulex LPe1150-E,N/A,N/A,Microsoft Hyper-V Server 2008 R2,x64,N/A,Virtual Server Host,4hr Mission Critical,1/3/2013,No
EMEA,Server,Dellsan2092,Delltest2001,2950,300,HHL7P2J,1/3/2007,,2,1600,Core2Xeon,2,Intel Xeon CPU 5110,8gb,8x1gb,Perc5i,256mb,"2x73gb C&P R1 15K, 2x73gb D R1 15K",SAN,2xEmulex LPe1150-E,STARR2,See attached JPG's,Win 2003 R2 Ent,x64,2,Test Server,4hr Mission Critical,1/3/2013,Yes
EMEA,Server,Dellsan33,Delltest2010,2950,300,2T12R3J,6/14/2008,,2,1600,Core4Xeon,4,Intel Xeon CPU E5310,8gb,8x1gb,Perc6i,256mb,"2x73gb C&P R1 15K, 2x73gb D R1 15K",SAN,2xEmulex LPe1150-E,STARR2,See attached JPG's,Win 2003 R2 Ent,x64,2,Test Server,4hr Mission Critical,6/14/2013,Yes
EMEA,Server,Dellstage2011,Delltest2020,2950,300,GS12R3J,6/14/2008,,2,1600,Core4Xeon,4,Intel Xeon CPU E5310,8gb,8x1gb,Perc6i,256mb,"2x73gb C&P R1 15K, 2x73gb D R1 15K",SAN,2xEmulex LPe1150-E,STARR2,See attached JPG's,Win 2003 R2 Ent,x64,2,Test Server,4hr Mission Critical,6/14/2011,Yes
EMEA,Server,Dellstage2014,Delltest2030,2950,300,DHL7P2J,1/3/2007,,2,1600,Core2Xeon,2,Intel Xeon CPU 5110,8gb,8x1gb,Perc5i,256mb,"2x73gb C&P R1 15K, 2x73gb D R1 15K",SAN,2xEmulex LPe1150-E,STARR2,See attached JPG's,Win 2003 R2 Ent,x64,2,Test Server,4hr Mission Critical,1/3/2013,No
EMEA,Server,Dellstage2024,Delltest2041,2950,300,8JL7P2J,1/3/2007,,2,1600,Core2Xeon,2,Intel Xeon CPU 5110,8gb,8x1gb,Perc5i,256mb,"2x73gb C&P R1 15K, 2x73gb D R1 15K",SAN,2xEmulex LPe1150-E,STARR2,See attached JPG's,Win 2003 R2 Ent,x64,2,Test Server,4hr Mission Critical,1/3/2013,No
EMEA,Server,Dellstage2027,Delltest2042,2950,300,JS12R3J,6/14/2008,,2,1600,Core4Xeon,4,Intel Xeon CPU E5310,8gb,8x1gb,Perc6i,256mb,"2x73gb C&P R1 15K, 2x73gb D R1 15K",SAN,2xEmulex LPe1150-E,STARR2,See attached JPG's,Win 2003 R2 Ent,x64,2,Test Server,4hr Mission Critical,6/14/2011,Yes
EMEA,Server,Dellstage2041,Delltest2044,2950,300,7HL7P2J,1/3/2007,,2,1600,Core2Xeon,2,Intel Xeon CPU 5110,8gb,8x1gb,Perc6i,256mb,"2x73gb C&P R1 15K, 2x73gb D R1 15K",SAN,2xEmulex LPe1150-E,STARR2,See attached JPG's,Win 2003 R2 Ent,x64,2,Test Server,4hr Mission Critical,1/3/2013,No
EMEA,Server,Dellstage2060,Delltest2045,2950,300,2JL7P2J,1/3/2007,,2,1600,Core2Xeon,2,Intel Xeon CPU 5110,8gb,8x1gb,Perc5i,256mb,"2x73gb C&P R1 15K, 2x73gb D R1 15K",SAN,2xEmulex LPe1150-E,STARR2,See attached JPG's,Win 2003 R2 Ent,x64,2,Test Server,4hr Mission Critical,1/3/2012,No
EMEA,Server,Delltest2001,Delltest2060,2950,300,BHL7P2J,1/3/2007,,2,1600,Core2Xeon,2,Intel Xeon CPU 5110,8gb,8x1gb,Perc5i,256mb,"2x73gb C&P R1 15K, 2x73gb D R1 15K",SAN,2xEmulex LPe1150-E,STARR2,See attached JPG's,Win 2003 R2 Ent,x64,2,Test Server,4hr Mission Critical,1/3/2013,No
EMEA,Server,Delltest2010,Delltest2063,2950,300,8TXJ03J,7/6/2007,,2,1600,Core4Xeon,4,Intel Xeon CPU E5310,8gb,8x1gb,Perc5i,256mb,"2x73gb C&P R1 15K, 2x73gb D R1 15K",SAN,2xEmulex LPe1150-E,STARR2,See attached JPG's,Win 2003 R2 Ent,x64,2,Test Server,4hr Mission Critical,7/5/2012,No
EMEA,Server,Delltest2020,Dellasia14,2950,300,59J4Q2J,1/20/2007,,2,2330,Core2Xeon,2,Intel Xeon CPU 5140,32gb,8x4gb,Perc5i & Perc5E,256mb & 256mb,"2x73gb C&P R1 15K, 2x146gb D R1 15K",MD1000,SAS,N/A,N/A,Win 2003 R2 Ent,x64,2,SQL Server,4hr Mission Critical,1/18/2013,No
EMEA,Server,Delltest2030,Dellasia15,2950,300,99J4Q2J,1/20/2007,,2,2330,Core2Xeon,2,Intel Xeon CPU 5140,32gb,8x4gb,Perc5i & Perc5E,256mb & 256mb,2x73gb C&D R1 15K,MD1000,SAS,N/A,N/A,Win 2003 Ent,x64,2,SQL Server,4hr Mission Critical,1/18/2013,No
EMEA,Server,Delltest2041,Dellasia16,2950,300,39J4Q2J,1/20/2007,,2,2330,Core2Xeon,2,Intel Xeon CPU 5140,32gb,8x4gb,Perc5i & Perc5E,256mb & 256mb,2x73gb C&D R1 15K,MD1000,SAS,N/A,N/A,Win 2003 Ent,x64,2,SQL Server,4hr Mission Critical,1/18/2013,No
EMEA,Server,Delltest2042,Dellasia17,2950,300,F9J4Q2J,1/20/2007,,2,2330,Core2Xeon,2,Intel Xeon CPU 5140,32gb,8x4gb,Perc5i & Perc5E,256mb & 256mb,"2x73gb C&P R1 15K, 2x146gb D R1 15K",MD1000,SAS,N/A,N/A,Win 2003 R2 Ent,x64,2,SQL Server,4hr Mission Critical,1/18/2013,No
EMEA,Server,Delltest2044,Dellasia18,2950,300,G148V3J,7/28/2008,,2,2330,Core4Xeon,4,Intel Xeon CPU L5410,32gb,8x4gb,Perc6i & Perc6E,256mb & 512mb,"2x73gb C R1 15K, 2x146gb D R1 15K, 2x73gb P R1 15K",MD1000,SAS,N/A,N/A,Win 2003 R2 Ent,x64,2,SQL Server,4hr Mission Critical,2/21/2013,Yes
EMEA,Server,Delltest2045,Dellasia19,2950,300,F148V3J,7/28/2008,,2,2330,Core4Xeon,4,Intel Xeon CPU L5410,32gb,8x4gb,Perc6i & SAS 5E,256mb & 512mb,"2x73gb C&P R1 15K, 2x73gb D R1 15K",MD3000,SAS,N/A,N/A,Win 2003 R2 Std,x32,2,SQL Server,4hr Mission Critical,2/21/2013,Yes
EMEA,Server,Delltest2060,Dellasia20,2950,300,H148V3J,7/28/2008,,2,2330,Core4Xeon,4,Intel Xeon CPU L5410,32gb,8x4gb,Perc6i & Perc6E,256mb & 512mb,"2x73gb C R1 15K, 2x146gb D R1 15K, 2x73gb P R1 15K",MD1000,SAS,N/A,N/A,Win 2003 R2 Ent,x64,2,SQL Server,4hr Mission Critical,2/21/2013,Yes
EMEA,Server,Delltest2063,Dellmar46,2950,300,9DQ904J,10/18/2008,,2,2000,Core4Xeon,4,Intel Xeon CPU E5405,8gb,8x1gb,Perc6i,256mb,"2x73gb C&P R1 15K, 2x73gb E R1 15K",ML6000,2xEmulex LPe1150-E,N/A,N/A,Win 2008 R2 Ent,x64,N/A,Arcserve Backup,4hr Mission Critical,2/21/2013,Yes
EMEA,Comms Server ,DellStage01,Dellmar13,6450,450,JXI03,6/1/2000,,2,550,Xeon,1,PIII Xeon,1.5gb,4x256mb 4x128mb,Perc2DC & Perc3DC,64mb & 128mb,"2x18gb C&D R1, 8x73gb E R5 10K, 6x73gb G R5 10K",PV220,RAID,N/A,N/A,Win 2000 Std,x32,4,SQL 7 Server,N/A,5/13/2001,No
APJ,Server,Dellasia11,Delldev03,6850,450,79MRW2J,4/27/2007,,4,3400,Core2Xeon,2,Intel Xeon CPU 7140M,32gb,8x4gb,Perc4DC,128mb,"2x73gb C&P R1 15K, 2x73gb D R1 15K",N/A,N/A,N/A,N/A,Win 2003 R2 Ent,x32,2,SAS,4hr Mission Critical,4/25/2013,No
APJ,Server,Dellasia12,Dellmar59,6850,450,GCF4V1J,9/20/2005,,4,3160,Xeon,1,PIV Intel Xeon,24gb,12x2gb,Perc4DC,128mb,"2x36gb C R1 10K, 2x146gb D&P R1 10K",SAN,2xQLogic QLA2340,STARR2,See attached JPG's,Win 2003 R2 Ent,x64,2,SQL 2005 Server,4hr Mission Critical,9/19/2010,No
APJ,Server,Dellasia12 PV220,Dellmar61,6850,450,7N7BW1J,10/18/2005,,4,3660,Xeon,1,PIV Intel Xeon,24gb,12x2gb,Perc4DC,128mb,"2x73gb C&D R1 10K, 3x73gb E R5 10K",SAN,2xQLogic QLA2340,STARR2,See attached JPG's,Win 2003 R2 Ent,x64,2,SQL 2005 Server,4hr Mission Critical,10/17/2010,No
APJ,Server,Dellasia13,Dellsan2031,6850,450,1DMRW2J,4/27/2007,,4,3400,Core2Xeon,2,Intel Xeon CPU 7140M,32gb,8x4gb,Perc4DC,128mb,"2x73gb C&P R1 15K, 2x73gb D R1 15K",SAN,2xEmulex LPe1150-E,STARR4,See attached JPG's,Win 2003 R2 Ent,x64,2,SQL 2005 Server,4hr Mission Critical,4/26/2014,No
APJ,Server,Dellasia13 PV220,Dellsan2032,6850,450,89MRW2J,4/27/2007,,4,3400,Core2Xeon,2,Intel Xeon CPU 7140M,32gb,8x4gb,Perc4DC,128mb,"2x73gb C&P R1 15K, 2x73gb D R1 15K",SAN,2xEmulex LPe1150-E,STARR4,See attached JPG's,Win 2003 R2 Ent,x64,2,SQL 2005 Server,4hr Mission Critical,4/26/2014,No
APJ,Server,Dellasia14,Dellsan2033,6850,450,HCMRW2J,4/27/2007,,4,3400,Core2Xeon,2,Intel Xeon CPU 7140M,32gb,8x4gb,Perc4DC,128mb,"2x73gb C&P R1 15K, 2x73gb D R1 15K",SAN,2xEmulex LPe1150-E,STARR4,See attached JPG's,Win 2003 R2 Ent,x64,2,SQL 2005 Server,4hr Mission Critical,4/26/2014,No
APJ,Server,Dellasia14 MD1000,Dellsan2041,6850,450,3DMRW2J,4/27/2007,,4,3400,Core2Xeon,2,Intel Xeon CPU 7140M,32gb,8x4gb,Perc4DC,128mb,"2x73gb C&L R1 15K, 2x300gb D R1 15K, 2x73gb P R1 15K",SAN,2xEmulex LPe1150-E,"STARR3, STARR4 & STARR5",See attached JPG's,Win 2003 R2 Ent,x64,2,SQL 2005 Server,4hr Mission Critical,4/26/2014,No
APJ,Server,Dellasia15,Dellsan2042,6850,450,6DMRW2J,4/27/2007,,4,3400,Core2Xeon,2,Intel Xeon CPU 7140M,32gb,8x4gb,Perc4DC,128mb,"2x73gb C&P R1 15K, 2x300gb D R1 15K, 2x73gb Q R1 15K",SAN,2xEmulex LPe1150-E,STARR4,See attached JPG's,Win 2003 R2 Ent,x64,2,SQL 2005 Server,4hr Mission Critical,4/26/2014,No
APJ,Server,Dellasia15 MD1000,Dellsan2044,6850,450,FR17P3J,5/21/2008,,4,3200,Core2Xeon,2,Intel Xeon CPU 7130M,64gb,16x4gb,Perc4DC,128mb,"2x300gb C&P&D R1 15K, 3x300gb E R5 15K",N/A,2xEmulex LPe1150-E,N/A,N/A,Win 2003 R2 Ent,x64,2,SQL 2005 Server,4hr Mission Critical,5/20/2013,No
APJ,Server,Dellasia16,Dellsan2052,6850,450,59MRW2J,4/27/2007,,4,3400,Core2Xeon,2,Intel Xeon CPU 7140M,32gb,8x4gb,Perc4DC,128mb,"2x73gb C&D R1 15K, 2x73gb P R1 15K",SAN,2xEmulex LPe1150-E,STARR3,See attached JPG's,Win 2003 R2 Ent,x32,2,SAS,4hr Mission Critical,4/26/2014,No
APJ,Server,Dellasia16 MD1000,Dellsan2053,6850,450,36ZHZ2J,6/11/2007,,4,3400,Core2Xeon,2,Intel Xeon CPU 7140M,32gb,8x4gb,Perc4DC,128mb,"2x73gb C&D R1 15K, 2x73gb P R1 15K",SAN,2xEmulex LPe1150-E,"STARR3, STARR4 & STARR5",See attached JPG's,Win 2003 R2 Ent,x32,2,SAS,4hr Mission Critical,6/10/2013,No
APJ,Server,Dellasia17,Dellasia14 MD1000,MD1000,120,JDW5Q2J,1/20/2007,,N/A,N/A,N/A,N/A,N/A,N/A,N/A,N/A,N/A,"8x300gb E R5 15K, 2x146gb G R1 15K",N/A,SAS,N/A,N/A,N/A,N/A,N/A,N/A,4hr Mission Critical,1/18/2013,No
APJ,Server,Dellasia17 MD1000,Dellasia15 MD1000,MD1000,120,FDW5Q2J,1/20/2007,,N/A,N/A,N/A,N/A,N/A,N/A,N/A,N/A,N/A,"5x300gb E R5 15K, 2x146gb G R1 15K",N/A,SAS,N/A,N/A,N/A,N/A,N/A,N/A,4hr Mission Critical,1/18/2013,No
APJ,Server,Dellasia18,Dellasia16 MD1000,MD1000,120,HFW5Q2J,1/20/2007,,N/A,N/A,N/A,N/A,N/A,N/A,N/A,N/A,N/A,"5x300gb E R5 15K, 2x146gb G R1 15K",N/A,SAS,N/A,N/A,N/A,N/A,N/A,N/A,4hr Mission Critical,12/31/2012,No
APJ,Server,Dellasia18 MD1000,Dellasia17 MD1000,MD1000,120,GWT5Q2J,1/20/2007,,N/A,N/A,N/A,N/A,N/A,N/A,N/A,N/A,N/A,"8x300gb E R5 15K, 2x146gb G R1 15K",N/A,SAS,N/A,N/A,N/A,N/A,N/A,N/A,4hr Mission Critical,1/18/2013,No
APJ,Server,Dellasia19,Dellasia18 MD1000,MD1000,120,7RTJC4J,6/22/2009,,N/A,N/A,N/A,N/A,N/A,N/A,N/A,N/A,N/A,"5x450gb E R5 15K, 4x146gb G R10 15K",N/A,SAS,N/A,N/A,N/A,N/A,N/A,N/A,4hr Mission Critical,6/21/2013,Yes
APJ,Server,Dellasia19 MD3000,Dellasia20 MD1000,MD1000,120,8RTJC4J,6/22/2009,,N/A,N/A,N/A,N/A,N/A,N/A,N/A,N/A,N/A,"11x450gb E R5 15K, 4x146gb G R10 15K",N/A,SAS,N/A,N/A,N/A,N/A,N/A,N/A,4hr Mission Critical,6/21/2013,Yes
APJ,Server,Dellasia20,Dellasia21 MD1000,MD1000,120,BMRPB4J,5/21/2009,,N/A,N/A,N/A,N/A,N/A,N/A,N/A,N/A,N/A,"10x450gb E R5 15K, 4x300gb G R10 15K",N/A,SAS,N/A,N/A,N/A,N/A,N/A,N/A,4hr Mission Critical,5/20/2013,Yes
APJ,Server,Dellasia20 MD1000,Dellasia19 MD3000,MD3000,400,59L8V3J,7/28/2008,,N/A,N/A,N/A,N/A,N/A,N/A,N/A,N/A,N/A,"600gb Data R5, 136gb Log R1",N/A,SAS,N/A,N/A,N/A,N/A,N/A,N/A,4hr Mission Critical,2/21/2013,Yes
APJ,Server,Dellasia21,Dellmar56 ML6000,ML6000,1400,6QJ8GD1,N/A,,N/A,N/A,N/A,N/A,N/A,N/A,N/A,N/A,N/A,4 x LTO3 Tape Drives,N/A,FIBRE,N/A,N/A,N/A,N/A,N/A,N/A,4hr Mission Critical,4/25/2013,Yes
APJ,Server,Dellasia21 MD1000,Dellmar46 ML6000,ML6000,1400,63W8GD1,7/28/2008,,N/A,N/A,N/A,N/A,N/A,N/A,N/A,N/A,N/A,2 x LTO3 Tape Drives,N/A,FIBRE,N/A,N/A,N/A,N/A,N/A,N/A,4hr Mission Critical,2/21/2013,Yes
APJ,Server,Dellmar46,Dellasia12 PV220,PV220,500,BNWDQ2J,1/23/2007,,N/A,N/A,N/A,N/A,N/A,N/A,N/A,N/A,N/A,"8x300gb H R5 10K, 2x146gb G R1 10K",N/A,SCSI,N/A,N/A,N/A,N/A,N/A,N/A,4hr Mission Critical,1/21/2013,No
APJ,Server,Dellmar46 ML6000,Dellasia13 PV220,PV220,500,BBMFQ2J,1/23/2007,,N/A,N/A,N/A,N/A,N/A,N/A,N/A,N/A,N/A,"5x300gb H R5 10K, 2x146gb G R1 10K",N/A,SCSI,N/A,N/A,N/A,N/A,N/A,N/A,4hr Mission Critical,1/21/2013,No
APJ,Server,Dellasia08,Dellsan2045,R710,1200,BK8K55J,10/10/2011,,2,2666,Core6Xeon,6,Intel Xeon CPU X5650,64gb,8x8gb,Perc H700i,512mb,"2x146gb C R1 15K, 2x146gb P R1 15k, 2x300gb D R1 15K",SAN,2xEmulex LDe1200-E,Dell Comp,N/A,Win 2008 R2 Ent,x64,1,SQL 2005 Server,4hr Mission Critical,10/10/2014,Yes
APJ,Server,Dellasia09,Dellasia21,R710,1200,FGZPB4J,5/21/2009,,2,2933,Core4Xeon,4,Intel Xeon CPU X5570,72gb,18x4gb,Perc6i & Perc6E,256mb & 512mb,"2x146gb C&P R1 15K, 4x300gb D R10 15K",MD1000,SAS,N/A,N/A,Win 2003 R2 Ent,x64,2,SQL Server,4hr Mission Critical,5/19/2013,Yes
APJ,Server,Dellasia10,Dellsan2028,R720,1300,7R28F5J,8/16/2012,,2,2600,Core8Xeon,8,Intel Xeon CPU E5-2670,128gb,16x8gb,Perc H710P Mini,1gb,"2x300gb C&P R1 15K, 2x300gb D 15K",SAN,2xEmulex LPe1200-E,Dell Comp,,Win 2008 R2 Ent,x64,1,SQL 2005 Server,4hr Mission Critical,8/16/2015,Yes
,,,,,35820,,,,,,,,,,,,,,,,,,,,,,,,